"","baseMean","log2FoldChange","lfcSE","stat","pvalue","padj"
"A1BG",35.1833983263656,0.999448720550253,0.330698512923383,3.02223530343424,0.00250915419924885,0.0239288934804133
"A1BG-AS1",41.0847244727512,0.874322700409775,0.350371677721425,2.49541488654495,0.0125809933617998,0.0683598919266184
"A1CF",13.4264258870643,-1.79435098722561,0.809835848422975,-2.21569715729406,0.0267122497262271,0.11102926148883
"A2M",6947.65292194257,-0.509352049291941,0.395250270363477,-1.28868235516584,0.197508539209189,0.391366100586754
"A2M-AS1",139.551656520997,-0.814256969244001,0.39494519471524,-2.06169610401537,0.039236677732045,0.142167494302815
"A2ML1",303.610674078091,-2.59152743448983,0.691368642075265,-3.74840175960383,0.000177965019480921,0.0037937896895867
"A2MP1",7.47800320739711,-2.0130591934503,0.677371032986429,-2.97187079963402,0.00295991213639331,0.0266570630706718
"A3GALT2",1.37220590187357,0.70062961981197,0.898140513500663,0.780089094390299,0.435338435139299,0.632131391920164
"A4GALT",74.3807049978908,0.863974541951442,0.306591717173216,2.81799700891241,0.00483242600128908,0.0370276020277582
"A4GNT",2.07407037750351,0.560368280051004,0.788077102798941,0.711057684661559,0.477048490498764,0.665714974090104
"AA06",0.242311938470691,0.132566879323167,0.673397874347835,0.196862634072841,0.843935035115654,NA
"AAAS",162.05750026594,0.772308751959216,0.202388609444236,3.8159694563839,0.000135649284668201,0.00319297680913008
"AACS",238.160453904812,0.124650199544831,0.323078587169147,0.385820058943031,0.699629938480075,0.828763720052647
"AACSP1",5.81436194820582,-0.0938698603638933,0.811776503441843,-0.115635103955209,0.907941740582419,0.952220470793954
"AADAC",22.2911312653545,-2.10774330252266,0.898184172821699,-2.34667161401993,NA,NA
"AADACL2",4.34624838871536,0.292105802122246,0.791711421320352,0.368954892219561,0.712161347129718,0.836732541119246
"AADACL2-AS1",4.67794791450781,0.310663947077823,0.779932846178717,0.398321404977265,0.690393284207583,0.822764584936779
"AADACL3",4.44277848491848,2.44639363618108,0.85284419707008,2.86851179217211,0.00412407824948439,0.0334130262205319
"AADACL4",2.62007686667989,2.06938149208429,0.85981258494315,2.40678204567234,0.0160937714853275,0.0799319006931456
"AADACP1",1.02730924121248,-0.522129593282193,0.896572491598413,-0.582361825925909,0.560322989013775,NA
"AADAT",34.3355603548717,-0.0898529824551118,0.45912365705608,-0.195705407626461,0.844840751587329,0.916720630732451
"AAED1",89.0765115024806,0.326506586441112,0.324753996007876,1.00539667087944,0.314705882272439,0.521940111290849
"AAGAB",502.451232497002,-0.0154606093938584,0.276066670104218,-0.0560031726684785,0.955339279705992,0.977225761973465
"AAK1",802.089961493223,-0.763444395394113,0.276681764493926,-2.75928699815297,0.00579276364868982,0.0417250649719377
"AAMDC",53.4688586682039,1.17254345220132,0.434448832905216,2.6989218600505,0.00695645079124038,0.0471066040579955
"AAMP",533.866706685352,0.927163659099731,0.288673541694952,3.21180685162857,0.00131903023511033,0.015535623073876
"AANAT",2.20350238737151,-1.22878142785354,0.816611403461019,-1.5047321438883,0.132392955482889,0.305791154525838
"AAR2",270.250694333936,-0.0244008307257435,0.212578248987997,-0.114785171304714,0.908615402946152,0.952650991871541
"AARD",385.801898289377,1.24800544577855,0.796605833222337,1.56665366198772,0.117195667444135,0.28274942712197
"AARS",2006.76461138027,-0.107921923487823,0.360661444546059,-0.299233325657135,0.764762023328273,0.87002397810117
"AARS2",196.481798605493,-0.408792198911362,0.31119592469075,-1.31361681332298,0.188975187751955,0.381398894426873
"AARSD1",0.306329850995628,-0.0871247399722426,0.846842192579176,-0.102881907320763,0.918056697360078,NA
"AASDH",214.372717631835,-0.250424611462903,0.312059468263129,-0.802490028124206,0.422269554400034,0.620814319951868
"AASDHPPT",413.746804899811,-0.205997706516369,0.274562957210888,-0.750274940978819,0.453089131786746,0.646700042453967
"AASS",101.143964071245,0.417997569508425,0.373568405521463,1.11893180293163,0.263169234079388,0.467853929236388
"AATF",234.975925645658,-0.507131793039639,0.371938018816702,-1.36348468665034,0.172729807374502,0.360264534379287
"AATK",27.3775384880483,1.7464541722709,0.589363391426286,2.96328919929078,0.00304370457484294,0.0271543135842689
"AATK-AS1",1.0407228356087,1.22604991204418,0.889824308943836,1.37785616747133,0.168247700394429,NA
"ABAT",289.161518705194,2.017409855359,0.615675426008526,3.27674253370486,0.00105012079625412,0.0132232981952409
"ABCA1",1688.42733228081,-0.389192666839693,0.308339206674203,-1.26222244338496,0.206868754989898,0.403149131601142
"ABCA10",76.3545377227346,0.231958258165134,0.651166306879117,0.356219687220694,0.721676049425039,0.84321936618958
"ABCA11P",53.9670461314088,-0.00130020343425549,0.422613908444619,-0.00307657511566701,0.997545252087553,0.99888327685682
"ABCA12",223.194608510232,-1.20904610930385,0.827214055998742,-1.46158796569783,0.143854154133722,0.321293234732042
"ABCA13",201.903236557991,-3.67069779501577,0.874527822525068,-4.19734821519706,NA,NA
"ABCA17P",12.7264334104511,1.40548671379044,0.490461694467426,2.86564012978956,0.00416167039804149,0.0336133679792354
"ABCA2",342.032777371183,0.459952385523082,0.461035743896129,0.99765016403307,0.318449026981306,0.525751521285068
"ABCA3",315.021504922453,1.36151942975277,0.393533386334923,3.45973042448304,0.000540716420171363,0.00829618379704679
"ABCA4",52.113989192412,1.14687073892612,0.63373846478555,1.80969090982068,0.0703437329796614,0.206540904795308
"ABCA5",297.202531270652,0.448270729131252,0.360286142054767,1.24420752509296,0.213423194924055,0.411093350856757
"ABCA6",188.138126770464,0.0208648673397831,0.584435465469219,0.0357008918393267,0.971520859421872,0.985176314775721
"ABCA7",92.2314043218135,0.0240588641947361,0.330163901577584,0.0728694568963426,0.941909999173339,0.970527794559786
"ABCA8",169.611600419741,-0.825436336608341,0.669844900842956,-1.23227979427713,0.21784458497489,0.416611401581295
"ABCA9",115.993036770046,0.362304688962804,0.672462205543003,0.538773310940573,0.59004328141075,0.75444548026235
"ABCB1",71.8967628918234,-1.03076143528008,0.566245517552972,-1.82034365540677,0.068706687160262,0.203453163579963
"ABCB10",366.613979209997,-0.445280662101432,0.293708779100573,-1.51606180606865,0.129503724856722,0.301783272676235
"ABCB11",5.88519557568873,0.135289215870393,0.823933692135248,0.164199154812795,0.86957436643902,0.930244113793869
"ABCB4",29.6741686600046,-0.552364059607974,0.603018498725386,-0.915998532011072,0.359667664859256,0.563113864021648
"ABCB5",17.6040583393967,0.671979051277832,0.709040481525622,0.94773016320867,0.343266841211407,0.548486988368907
"ABCB6",111.875218649429,0.677682761480245,0.474659791461321,1.42772312648156,0.153371566932671,0.335453161409817
"ABCB7",252.400380405325,-0.452420499557555,0.177261846448443,-2.55227229447338,0.0107022840571451,0.0616999575039986
"ABCB8",208.249394139732,0.233599511116413,0.415791315174534,0.561819120773016,0.574239263219786,0.743285857891088
"ABCB9",69.687869442461,-0.122474023512084,0.383429567103744,-0.319417264654885,0.749410120687487,0.860331708739595
"ABCC1",536.308991960962,-0.542475447559079,0.346755778460073,-1.56443087976266,0.11771641354357,0.283645670582276
"ABCC10",180.589431089053,-0.91734690031674,0.267147155385572,-3.43386362842883,0.000595043483133596,0.00890799310673408
"ABCC11",396.087822708317,-0.494299465656176,0.858374561751023,-0.57585521249353,0.56471305056257,0.73509757727671
"ABCC12",45.1447878542922,-1.51006665390127,0.84914667672398,-1.7783342916999,NA,NA
"ABCC13",6.50541797381431,3.30661360184528,0.828232776819661,3.99237230690431,6.54155602621772e-05,0.00202275363337321
"ABCC2",59.3565945749092,-2.15866796376201,0.697201814572986,-3.09618810313069,0.00196025965457559,0.0204341237572145
"ABCC3",266.200584898642,-0.949375425896909,0.538929122852834,-1.76159607198692,0.0781375680782953,0.220657874296218
"ABCC4",350.725673945035,-2.2739976359671,0.476587870734759,-4.77141315506259,1.82937855464975e-06,0.000152348605290214
"ABCC5",829.607281183901,0.542299364938126,0.382465885768523,1.41790257671854,0.156219210014487,0.33926754773328
"ABCC5-AS1",2.80379582980388,0.124923067995793,0.68095891601306,0.183451695921987,0.854443616569225,0.922876810682918
"ABCC6",56.024951755246,-0.278985222768634,0.734153504365945,-0.380009386469633,0.703938447514865,0.831122750509304
"ABCC6P1",4.96774884454978,-1.57511588315609,0.869477768553484,-1.81156544781651,0.0700533678247461,0.206010909910055
"ABCC6P2",1.21020741156065,-0.0862543124194315,0.907404689462006,-0.0950560575905454,0.924270300932319,NA
"ABCC8",28.1992506346054,2.5299122745428,0.731924876840992,3.45651904258531,0.000547200543610759,0.008367324771833
"ABCC9",299.842531861201,0.0972362907219069,0.3246833548909,0.299480368356365,0.764573548855044,0.869856903702008
"ABCD1",153.317502007059,-0.355302393582418,0.336559346460735,-1.0556901697094,0.291109789765187,0.497796787914079
"ABCD2",33.5613745536578,-1.77412556233205,0.592024485001487,-2.99670977683904,0.00272910395740595,0.0253089884745593
"ABCD3",1116.19983920018,0.423134190114532,0.299348474278621,1.41351710956341,0.157503734278279,0.340994361224118
"ABCD4",60.6670804128992,-0.311262150401855,0.357712052297619,-0.870147227085551,0.384219951397895,0.585119455345344
"ABCE1",1188.17803343214,-0.817699434741963,0.307974328870217,-2.65508959055658,0.00792873477561947,0.0508387555260042
"ABCF2",452.171497638004,-0.353644240316788,0.365824086872578,-0.966705728264328,0.333691162703922,0.539667573791814
"ABCF3",521.992626384305,0.577509103065805,0.332658445489238,1.73604221055163,0.0825563712885131,0.227811990632844
"ABCG1",343.258847784523,0.301481984735828,0.279452345433255,1.07883147041911,0.280662862943068,0.48777622994266
"ABCG2",42.6304623028887,1.19212769742191,0.422117623143785,2.82415997830972,0.00474047170155713,0.0366253773544661
"ABCG4",12.0594143367034,2.66573753397313,0.720917426195188,3.69770161895266,0.000217560405179632,0.00437939400218079
"ABCG5",3.41662436897983,1.47099044711276,0.810609177215497,1.81467282688029,0.069574203321215,0.205083571734055
"ABCG8",6.73211082265009,3.19868624023213,0.776973485433546,4.11685379256833,3.8407955218145e-05,0.00139140639155093
"ABHD1",25.5402829173324,0.716366924729081,0.371698348362959,1.9272803548472,0.0539447004915591,0.173664881314502
"ABHD10",298.718185891797,0.178553587756074,0.260297892846913,0.6859586368649,0.492739192215622,0.678774702443861
"ABHD11",189.628022999258,-0.35402106502784,0.432105908451752,-0.819292349637866,0.41261963636985,0.611527811900098
"ABHD12",195.454043806171,-0.175774959352699,0.279045906460756,-0.629914129836625,0.528750767675348,0.709037547903374
"ABHD12B",24.0950148437656,3.92102982033396,0.795807575787358,4.92710793366671,8.34556591039021e-07,8.26764759359652e-05
"ABHD13",305.42064770599,-0.300160167718699,0.272930135810151,-1.09976923884832,0.271432678292349,0.477415290089544
"ABHD14A",19.8897790025636,0.573270082633999,0.484403256968471,1.18345629263866,0.236628358781214,0.43850790559527
"ABHD14B",292.520943724509,0.346373400327166,0.348169304485987,0.994841865334819,0.319813180957105,0.526963181581772
"ABHD15",157.578729782099,0.144236974992322,0.289846334953106,0.497632564564456,0.61874304676241,0.77460382215037
"ABHD16B",32.4354249571431,0.09039866122452,0.420985080478289,0.214731270575709,0.829976840830693,0.908600827043118
"ABHD17A",138.217011070232,0.42729607142125,0.291709937850987,1.46479778703845,0.142976095828869,0.320462077108176
"ABHD17B",203.346560177772,-0.262937004283689,0.230197821575524,-1.14222194842719,0.253361774970392,0.457500102125614
"ABHD17C",145.669605111622,-0.0964401387485063,0.388851752401875,-0.248012611883092,0.804124648733208,0.893090094364352
"ABHD2",1662.16792166796,0.95054864162323,0.27297232816805,3.48221612059536,0.00049728217023123,0.00786880333409796
"ABHD3",166.587957334276,0.492061795429757,0.28266574219625,1.74079034695378,0.0817203346388985,0.22652053189664
"ABHD4",262.229218153785,0.377157381791356,0.344649425959715,1.09432180466026,0.27381386544562,0.480081465308656
"ABHD5",424.278786183058,-0.456626244492716,0.310379084404895,-1.47118883789553,0.141240054993624,0.318183309388196
"ABHD6",47.1602576973662,-0.0551434199264339,0.32364137868918,-0.17038433141577,0.864707893689995,0.928350749964148
"ABHD8",109.669645062853,0.325976612446348,0.415375698142071,0.784775358559504,0.432585290095158,0.629995841904764
"ABI1",1011.48029479632,-0.394581763534733,0.2068404170297,-1.90766277307435,0.0564348161584929,0.179007126276324
"ABI2",513.330208233028,0.368960322140898,0.270329729563929,1.36485292511508,0.172299280456864,0.359725515320598
"ABI3",68.3956356271916,0.10578612710832,0.301535393280866,0.350824909664203,0.725719708302928,0.845486515586674
"ABI3BP",191.08949050351,-0.284426719031707,0.551189690515943,-0.516023292753296,0.605838140943294,0.765787909544517
"ABL1",634.768163647334,-0.0666726177684924,0.29570401923059,-0.225470786436965,0.82161304933019,0.903476120266661
"ABL2",869.979200342947,-0.462622981856739,0.202724139273015,-2.2820320437208,0.0224874484886894,0.0991468331067444
"ABLIM1",1173.48775450092,-0.859392885958453,0.361580150811001,-2.37677008550079,0.0174649702888739,0.0842052516408581
"ABLIM2",39.4461747766729,0.739782906327133,0.458334437477829,1.61406790726459,0.106512697573745,0.266798671945355
"ABLIM3",152.935578295391,2.21229600457021,0.561901153503901,3.9371622406802,8.24508645898225e-05,0.00227972278111251
"ABO",4.4465261468924,0.449200913878883,0.769132484021233,0.584035810749195,0.559196219112092,0.731652389089889
"ABR",539.389402560687,-0.222391825930569,0.189255222416069,-1.17508950660104,0.239958908349234,0.442159825566293
"ABRA",5.13296934373836,0.819957687580513,0.740961374330475,1.10661326755584,0.268461168560346,0.474156637635566
"ABRACL",293.544073185828,-0.104966486125536,0.414028096485612,-0.253525031311935,0.79986252065467,0.890568140473238
"ABT1",248.133016089056,-0.537290341462805,0.343520163390526,-1.5640722109578,0.117800611160645,0.283730844554122
"ABTB1",130.860887554217,0.786331010136694,0.299950241012639,2.62153818407354,0.00875339559608397,0.0541979348770567
"ABTB2",111.836917301814,-1.28719077644366,0.261124708696066,-4.92941010014442,8.24782779609869e-07,8.26764759359652e-05
"AC093375.1",28.5621246448789,-1.67745127708283,0.764565067919597,-2.19399413793155,0.0282358309829177,0.114738253311806
"ACAA1",450.695949885056,0.229871236717506,0.352742215623028,0.651669197891435,0.514614597254195,0.697590791439737
"ACAA2",196.261997230501,-0.384142731375534,0.363464529672002,-1.05689193859492,0.290560907985678,0.497464179682415
"ACACA",1794.83885682229,-0.757767530617732,0.287017326678984,-2.640145594643,0.008287041717075,0.0520661355611719
"ACACB",245.818890545891,1.80309977837835,0.441740851104508,4.08180446492546,4.46873869339792e-05,0.00153888047624542
"ACAD10",200.707786404473,-0.0845442395762863,0.285407015410167,-0.296223410818355,0.767059471458328,0.871404572385513
"ACAD11",21.7740788109294,-0.270934193202487,0.456582544322909,-0.593395863620388,0.552916256463804,0.726847903205012
"ACAD8",134.062833708972,0.0917292638159783,0.238220357973432,0.385060557360965,0.700192549743626,0.829116198012475
"ACAD9",415.611107391174,-0.276633421645469,0.287106910260335,-0.963520597238955,0.335286332740181,0.541405192218463
"ACADL",4.43475773117464,0.192632231706355,0.741376878535717,0.259830374109886,0.79499462025078,0.887036083750164
"ACADM",465.532287008056,0.419449533501658,0.322524812173373,1.30051865056566,0.193423268258559,0.386825693062708
"ACADS",61.7337486751044,1.05500050293589,0.36038894688749,2.92739417245572,0.00341815365905911,0.0294899645188024
"ACADSB",1487.74116175655,3.26801783579768,0.497006067682381,6.57540832657632,4.8519830033059e-11,2.89774287766009e-08
"ACADVL",1549.31573477404,0.295722307966818,0.291123486351898,1.01579680730177,0.309726156705758,0.517398373980696
"ACAN",78.0476568362401,-1.19900122046685,0.636884529709097,-1.88260377593801,0.0597540842911511,0.185813689963989
"ACAP1",88.6297132671124,-0.724531437791811,0.384767498119419,-1.88303700632983,0.0596953530369992,0.185713940248905
"ACAP2",1225.99800581781,-0.182616993142805,0.259747537875233,-0.70305572340217,0.482021023611408,0.669970440624327
"ACAP3",336.595671702028,0.407928607276565,0.378122651622432,1.07882615740222,0.280665231859551,0.48777622994266
"ACAT1",433.499741841299,0.706530943770965,0.353526076804837,1.99852568205599,0.0456596984818867,0.156523058072733
"ACAT2",330.471032807452,-0.158406747096219,0.376940075470384,-0.420243846183092,0.674307327002788,0.812707586365798
"ACBD3",1369.92427364991,-0.0287025597379364,0.217712201522924,-0.131837166392873,0.895113088585589,0.945406947132766
"ACBD4",58.5446375536866,1.94984796450981,0.281604462263937,6.92406629083276,4.38860381689719e-12,3.52826867633085e-09
"ACBD5",578.316762558302,0.0894478254676932,0.371180363839556,0.240982105148098,0.809568985901658,0.896233902274401
"ACBD6",247.794310957258,0.383957468837229,0.189923052661058,2.02164752228604,0.0432127788655684,0.151251961926821
"ACBD7",35.1395472623829,1.39968721331529,0.615364612638093,2.27456565517275,0.022931998365765,0.100392866493738
"ACCS",58.9022606470815,-0.0665844226657603,0.399171663192235,-0.16680648654585,0.86752231467333,0.929564915428835
"ACCSL",2.02633927179587,1.46112289295635,0.874995099937768,1.66986408616491,0.0949462573380463,0.249100171702273
"ACD",96.2821870682003,0.377638100934547,0.376023772009879,1.00429315656305,0.315237331250345,0.522437539280766
"ACE",146.290505849838,0.282662096175189,0.471676483577105,0.599271123358817,0.548992100948811,0.724423324546914
"ACE2",129.617855144037,-4.70741381795072,0.814675836476612,-5.77826616082023,7.54743470551135e-09,1.94770404505313e-06
"ACER1",4.08443506982879,2.34981931747894,0.764973516691946,3.07176557907588,0.0021279677051231,0.0215926742428098
"ACER2",95.2989560716338,0.748259256422314,0.542267018262421,1.3798723345188,0.167625956056934,0.353927814086676
"ACER3",309.637562096889,-0.431013586551298,0.363248340121874,-1.18655349232067,0.235403789853667,0.437585186243771
"ACHE",11.6696708547683,-1.52341866726888,0.587304442962529,-2.59391646959851,0.00948895375841361,0.0569146629590014
"ACIN1",955.768372239345,0.0735739865242074,0.207484231290478,0.354600376455614,0.722888994091219,0.844211891362017
"ACKR1",78.8861309595754,-0.11914402618056,0.647914367565047,-0.183888538586233,0.854100896366799,0.922745040146537
"ACKR2",52.0483916597333,-2.45786045039993,0.619201282623074,-3.96940464978995,7.20524319079844e-05,0.0021110097343887
"ACKR3",140.72355537368,-0.0845966309481937,0.441632557226596,-0.191554335304107,0.848091315147802,0.918715618261011
"ACKR4",28.7991812594453,0.802339980757915,0.434519637189389,1.84649878184495,0.0648198160895125,0.195685819716794
"ACLY",1994.95338915796,-0.00859691042735834,0.241102605109882,-0.0356566467767543,0.971556139411775,0.985176314775721
"ACMSD",10.4681099882279,2.03112496256229,0.668899092571821,3.03651923753238,0.00239326836334391,0.0232465095720157
"ACN9",92.505083697403,-0.485530301568555,0.499996911709266,-0.971066601009082,0.331515114226557,0.537766601946121
"ACO1",513.850920985684,-0.144205430747616,0.319315852007367,-0.451607490956287,0.651551772535539,0.796781530527723
"ACO2",403.806905111889,-0.0833402045013165,0.301350562477461,-0.276555662667959,0.782121313266542,0.879339598279396
"ACOT1",20.9679573464768,0.444245283931239,0.488969441998242,0.908533838261484,0.363596244189205,0.566383811873028
"ACOT11",37.3367192412807,0.028758773999518,0.415683454959587,0.0691843123809532,0.944842910091483,0.972238424221831
"ACOT12",2.41438171930697,0.815800037972748,0.81634587756783,0.999331362342752,0.317634197519017,0.524862263299605
"ACOT13",371.680691509025,-0.0220128310381006,0.226556723987861,-0.0971625588975238,0.922597300990054,0.960267459174182
"ACOT2",154.998983440441,0.586691864323133,0.391830663353223,1.49730972890769,0.134312684561748,0.308473578545568
"ACOT4",41.115494400659,0.572678620495411,0.509298948112817,1.12444493085533,0.260824320093426,0.465665422182514
"ACOT6",2.50117768363278,-0.11861740396352,0.803660705274807,-0.147596371435082,0.882661318911699,0.93835571709495
"ACOT7",149.758944867154,0.201926997660746,0.406277580102556,0.497017328915304,0.619176831297515,0.774777210692125
"ACOT8",118.16445482117,0.37572688421857,0.253783152947296,1.48050364988806,0.138738887402591,0.314928352784249
"ACOT9",389.693614955012,-1.21139682382629,0.464592825349674,-2.60743764804061,NA,NA
"ACOX1",2004.77749387684,-0.91128818339171,0.471989623385471,-1.93073774981588,NA,NA
"ACOX2",66.3716434834491,-0.193191778990918,0.697690829996238,-0.276901702996383,0.781855584906221,0.879088122817209
"ACOX3",138.586208981862,0.360636502541598,0.367285788115444,0.981896153379733,0.326151011008381,0.532831850296757
"ACOXL",13.0241461587156,-0.966124089381943,0.706100313696247,-1.36825330713216,0.171232800848118,0.358357953156608
"ACP1",604.956539397743,-0.0238429436237629,0.252403379050878,-0.0944636466968882,0.924740859009858,0.961158479234402
"ACP2",209.063580923559,0.124836477055737,0.302175027269239,0.413126386332735,0.679514018158862,0.816408870075566
"ACP5",368.39643007379,0.128566078160156,0.494907959336517,0.259777754094951,0.795035211647099,0.887036083750164
"ACP6",86.1042384647771,-0.202684262859564,0.410828716737581,-0.493354662422562,0.621762011127795,0.77650912324213
"ACPP",20.820071920641,-0.665204963563579,0.507210249235913,-1.31149747972498,0.189689744650926,0.382250528529674
"ACPT",7.7812907343745,0.994672165811246,0.57131309877133,1.74102811216896,0.0816786509509792,0.22652053189664
"ACR",3.47446327749258,1.15983486194455,0.826242914855631,1.40374560688028,0.160394616352224,0.345037425708607
"ACRBP",16.6989418479633,0.235696872851747,0.466091189200052,0.505688325188622,0.61307546537373,0.771418377824708
"ACRC",15.4915666658932,-0.734923136766355,0.494760540223932,-1.4854117841203,0.137434775946977,0.312712497751665
"ACRV1",3.14503033368792,-0.233897461028776,0.834377308646745,-0.280325769414952,0.779227581896684,0.878200776360192
"ACSBG1",8.96000455430164,0.322837221536201,0.655218222304306,0.492717098741286,0.622212494248759,0.776762289015875
"ACSBG2",8.40308772391622,1.57441510248505,0.588271866663017,2.67633927730718,0.00744312555112666,0.0490440629696085
"ACSF2",304.410591538878,0.673213570438643,0.459724648370472,1.46438432836895,0.1430889676365,0.320566631271612
"ACSF3",107.861123294518,-0.34933612443945,0.266620926206947,-1.31023520700059,0.190116278843817,0.382667364147549
"ACSL1",1443.58598490158,-0.0604940050295543,0.448179810559911,-0.134977086437649,0.892629990895484,0.944120057667779
"ACSL3",1654.12796905034,0.185924454367857,0.321271988424921,0.578713554453894,0.562782468559867,0.734062175604298
"ACSL4",801.606973747705,-0.442720850342321,0.295657670635254,-1.49741033064045,0.134286521865201,0.30846056775256
"ACSL5",176.978965827449,-1.11218982635182,0.293506120255596,-3.78932413873783,0.000151057705445448,0.00338068438643062
"ACSL6",85.2149639831312,-0.107788284281798,0.602218462403404,-0.178985353341085,NA,NA
"ACSM1",12.8694982339987,0.341442664903687,0.587498828039626,0.581180163444781,0.56111903541088,0.733072985180539
"ACSM2A",2.68336655613435,1.77145334857417,0.855901621843153,2.06969271159857,0.038481129714066,0.14028451378016
"ACSM2B",2.6298805550625,1.46384735776153,0.892817031281136,1.63958269888849,0.101091962803976,0.258193207116892
"ACSM3",58.45099194508,-0.5228229901898,0.332173454408115,-1.57394573001444,0.115499996477297,0.280210820144492
"ACSM4",7.59425391591746,-1.67806941983602,0.617181278858669,-2.71892469411777,0.00654945172310993,0.0451825707485699
"ACSM5",22.5476616672173,1.3298384724492,0.495795670671201,2.6822309090535,0.00731329611578452,0.0484531945192532
"ACSS1",333.390499959758,-0.241963678705255,0.342329517761351,-0.706815118624786,0.479681377983989,0.667962150689449
"ACSS2",352.581112966474,-1.04556591629374,0.44347108703166,-2.35768677343129,0.0183892019926029,0.0872224845135873
"ACSS3",238.18459277908,0.69139823531631,0.540829168421714,1.27840411665295,0.201106973287648,0.395995773447367
"ACTA1",26.0187059733599,-0.0393689694244864,0.774873554630198,-0.0508069596506941,0.959479345042404,0.979102833219468
"ACTA2",2269.87479823966,-0.487386080091744,0.358419506255205,-1.35982018719905,0.173886832537426,0.361523419587211
"ACTB",16807.0484930152,-0.738585494299735,0.25204213487666,-2.93040484941604,0.0033852064823504,0.0293248947785207
"ACTBL2",5.06166584794275,0.243679091442754,0.735687495059896,0.331226360484644,0.740473510189113,0.855002915731262
"ACTC1",2.97078701735553,1.47591465474651,0.796245126353114,1.85359332936373,0.0637973626641509,0.193549531461356
"ACTG1",6385.31172805443,-0.538449541525265,0.308241157120945,-1.74684505649579,0.0806642185813048,0.225026579608303
"ACTG1P4",6.48975894053109,-0.0529836462622437,0.669823033610701,-0.0791009619012857,0.936952318425894,0.968112223346914
"ACTG2",365.329486410327,-1.81986217109746,0.657950482986351,-2.76595612915632,0.00567561696783843,0.0410794395701962
"ACTL10",22.4295085512674,-0.0831783410152147,0.494007253025362,-0.168374736414941,0.866288481769966,0.92895932644114
"ACTL6A",705.744993528795,0.0548011839407474,0.409525869080482,0.133816171524875,0.893547939182134,0.9446607613152
"ACTL6B",10.0878206205345,2.94566063877555,0.752768803185932,3.91310137496223,9.11182592469355e-05,0.00244498712841937
"ACTL7A",2.71562376598443,0.580980863600352,0.882656451089604,0.658218566105934,0.510397696365651,0.69415428889108
"ACTL7B",1.37402813541955,2.0834771162099,0.891850246519065,2.33612887852172,0.0194845256181766,0.090276818746772
"ACTL8",43.1393146162431,-1.55995641823888,0.871339808510871,-1.7902962805118,0.0734062939063458,0.212111067297765
"ACTL9",0.715415424454956,0.438308140967447,0.898044055936087,0.488069753449425,0.625500434348796,NA
"ACTN1",2297.92631444967,0.036469662587086,0.25431003590388,0.143406305053845,0.885969303731401,0.940343361409253
"ACTN1-AS1",1.79328572226592,0.707516500193213,0.853523188132066,0.828936471827569,0.407140356107944,0.606503339775111
"ACTN2",15.3583161499011,2.7634219238076,0.726035978886834,3.80617766084334,0.000141131021359862,0.00324896667344185
"ACTN3",6.42898206991645,1.61211763027246,0.644789158254825,2.50022446815915,0.0124114637684662,0.0678964451609048
"ACTN4",2648.88460001038,-0.412872772221303,0.2918914051761,-1.41447389302955,0.157222807474872,0.340527234965003
"ACTR10",438.416293726575,0.307996573477215,0.249960996759353,1.23217852973172,0.217882401668981,0.416611401581295
"ACTR1A",826.575798618908,0.121167043402278,0.263886047413229,0.459164266508333,0.646116209024587,0.793241820959763
"ACTR1B",327.278390753611,-0.00997534520420935,0.28669061655061,-0.0347948088578211,0.972243360058135,0.985463171439082
"ACTR2",4471.80114450438,-0.188215862022623,0.244599837807315,-0.769484819408961,0.441605553016179,0.637359723447987
"ACTR3",2870.24012299674,-0.306223463694349,0.273195605257282,-1.12089454515918,0.262332753085185,0.467086232803791
"ACTR3B",135.962402938425,-0.32689245057974,0.517410603610018,-0.631785371809127,0.527527133549892,0.707941684167526
"ACTR3BP2",0.588125110052844,0.0622969720383885,0.856290229604543,0.0727521696319703,0.942003333141496,NA
"ACTR3BP5",1.78143206809072,0.108197018409334,0.905863225614374,0.119440789017517,NA,NA
"ACTR3C",50.7008581811011,-0.379557535974035,0.420855411689947,-0.901871582094954,0.367125088868329,0.569757540775942
"ACTR5",98.0189534426997,0.377539573633589,0.224684095210163,1.68031285561379,0.0928964611141839,0.246017322522461
"ACTR6",264.203122878007,-0.28128294158816,0.303240462229018,-0.927590399778922,0.353620079459166,0.558034162836702
"ACTR8",323.920678776383,0.168108483727365,0.258826338156501,0.649503002378829,0.516013306447618,0.698861354456042
"ACTRT1",2.39565053347104,2.01431546973243,0.878071064885184,2.29402328614008,0.0217891612138902,0.0969902422138051
"ACTRT2",1.89674524384832,1.47262108297429,0.881849006361619,1.6699242980951,0.094934342245832,0.249100171702273
"ACTRT3",16.9777585857758,-0.087668219055851,0.530409295392516,-0.16528409252514,0.868720378940705,0.92994208088357
"ACVR1",283.179041933715,-0.304010106167725,0.243110567351161,-1.25050140551314,0.211116442211807,0.408418971916095
"ACVR1B",465.039621529319,0.831711984826429,0.284058826429023,2.92795684359503,0.00341197400592611,0.0294712779528403
"ACVR1C",31.492456012443,1.03484641298817,0.616410913866173,1.67882558486439,0.0931860407790043,0.246411276100323
"ACVR2A",361.944556160533,-0.595580675638082,0.319871287313544,-1.86193853358986,0.0626117547366656,0.191537173900266
"ACVR2B",384.548792449578,0.0207507435469154,0.377283926103047,0.0550003382366409,0.956138194328437,0.977684097718338
"ACVR2B-AS1",20.5386372264137,-0.677554835581246,0.631727648280224,-1.07254263356334,0.283476375501045,0.490765833783199
"ACVRL1",205.621616535164,0.29617280612311,0.374084353713616,0.791727328830887,0.428519683701943,0.626256516005153
"ACY1",6.24922324393528,0.152073893036071,0.692183075633727,0.219701836680765,0.826103374150885,0.906541181420698
"ACY3",699.361106894661,-4.55140421493143,0.904948024199137,-5.02946477943785,NA,NA
"ACYP1",48.5046247978126,0.748013884289402,0.37380092662738,2.00110227397872,0.0453813693480206,0.156072188792641
"ACYP2",39.2413649868278,0.969108371090715,0.376695825465017,2.57265492627742,0.0100921775431158,0.0595250528170853
"ADA",71.9958345653486,-0.0282529018343069,0.44518381063792,-0.0634634529809659,0.949397460849973,0.974526376161215
"ADAD1",0.75722537600475,0.762338989979901,0.8966230088331,0.850233579185123,0.395195236171001,NA
"ADAD2",1.57897258467947,1.12575276286552,0.893835335717915,1.25946325668735,0.207863053753686,0.404188038098338
"ADAL",87.0086996804958,0.875123675115532,0.261856445619665,3.34199783795511,0.000831777086042263,0.0112826972287745
"ADAM10",1566.74568442502,-0.723437267398231,0.230493771239458,-3.13864128955857,0.00169733085983294,0.0184595769839167
"ADAM11",11.5648243360512,1.16791205291818,0.667136030759803,1.75063555117544,0.0800087073964046,0.224022898018221
"ADAM12",763.807781760613,0.368668211236551,0.522112144571575,0.706109243137919,0.480120204031831,0.668297128363476
"ADAM15",1483.56409400403,-0.923866584110026,0.475421589724741,-1.94325752990083,0.0519850501679162,0.169761522209023
"ADAM17",438.810778760477,-1.4648709195557,0.32663432772746,-4.48474270829848,7.30019687023985e-06,0.00041466308472452
"ADAM18",1.48504301201477,1.56745569801096,0.894956291425596,1.75143268227561,0.0798714074914667,0.223761405959459
"ADAM19",362.14180089058,-1.07336153992677,0.33872363454828,-3.16884158779828,0.00153047786930056,0.017190531382047
"ADAM1A",52.9497540975883,-0.664563086115117,0.469232295901765,-1.41627737885767,0.156694308254446,0.339699349247324
"ADAM2",2.32274526527615,-0.547169287711785,0.860102849740255,-0.636167276828609,0.524667399174571,0.705481777982256
"ADAM20",12.9728545260924,-1.18573781764125,0.645933103835677,-1.8356975522699,0.0664024001784173,0.198968121619492
"ADAM20P1",10.938703465314,-0.00330923996917987,0.582319214459513,-0.00568286240091078,0.99546575623467,0.99756559291305
"ADAM21",10.5321800498474,-1.39653929547536,0.734040677275399,-1.90253665595074,0.0571010314112766,0.180404546484339
"ADAM21P1",1.02992572005619,0.476454329106043,0.90528258299282,0.526304535243469,0.598676632435733,NA
"ADAM22",147.559268692739,-0.278108872415369,0.524524305705242,-0.53021160199896,0.595965227851681,0.758814713880958
"ADAM23",31.4192579065627,0.221017363166964,0.57630476489573,0.383507783779911,0.701343300014188,0.829818039619231
"ADAM28",211.409530837345,-0.764774171629424,0.439795809600764,-1.73893010104773,0.0820470587460089,0.226945834189205
"ADAM29",2.44184506604579,2.62639175220504,0.874542653105992,3.0031602722603,0.00267191678258559,0.0249432192795254
"ADAM30",2.34551033142801,0.0517474547897556,0.893004543135503,0.0579475828958953,0.953790381103041,0.97655824218875
"ADAM32",26.0320964988501,0.748418218118242,0.472060815244007,1.5854275422784,0.112869227557259,0.275942159488817
"ADAM33",51.2403475413601,0.87074801259596,0.726899176823034,1.19789379374679,0.230958366191134,0.432863151483302
"ADAM3A",0.739165916168613,1.14631239157899,0.89775135354361,1.27687069148296,0.20164790293399,NA
"ADAM5",0.630767201392401,0.149952948212994,0.903690312439562,0.165933999898912,0.868208890338026,NA
"ADAM6",1.06446584229857,1.58939400524653,0.898867387118148,1.76821856930673,0.0770243710019522,NA
"ADAM7",2.0163770091942,1.53230987206133,0.8890698665807,1.72349770210353,0.0847985603633261,0.231674853911202
"ADAM8",152.525232793324,-0.985127695077933,0.415417255377458,-2.37141736970657,0.0177200084039074,0.0850715056653369
"ADAM9",1835.97061062503,0.458602722514885,0.354470478289287,1.29376845352017,0.195745412364185,0.389422894703393
"ADAMDEC1",170.673398851522,-1.29772005580133,0.642650640937198,-2.0193243002276,0.0434535237979577,0.151882167773647
"ADAMTS1",578.273169321282,-0.213031527592316,0.359367023459028,-0.592796538596714,0.553317324527256,0.727283659346868
"ADAMTS10",99.6905847956583,0.149216518860528,0.472656215806961,0.315697781749834,0.752231910569044,0.86208704271537
"ADAMTS12",432.056737474436,0.403294098438073,0.489928298656423,0.823169634299682,0.410411534306827,0.609360778111001
"ADAMTS13",29.7148590546877,1.31391700673788,0.5125468953971,2.56350593192045,0.0103620930200412,0.0604382395148382
"ADAMTS14",60.1186862646835,0.641335141537768,0.396314334240872,1.61824866306243,0.105609019357069,0.26555305318378
"ADAMTS15",287.094297381538,1.74977636351315,0.568227874850563,3.07935678793182,0.00207448080379989,0.0212140858660548
"ADAMTS16",202.455780373811,0.348954682749307,0.729365235767922,0.478436132731093,0.632339821421261,0.783509145653148
"ADAMTS17",53.3445879857696,-0.472818050876084,0.537474715561079,-0.879702871943476,0.379020293167593,0.580159723790437
"ADAMTS18",21.5489850796929,-0.452472055980106,0.69340344845856,-0.652537937309014,0.51405420762207,0.697020958868976
"ADAMTS19",29.8935866563183,-1.61211304108832,0.730900029767296,-2.20565463870837,NA,NA
"ADAMTS2",680.015330527332,0.380766952165886,0.478325350076956,0.796041757152587,0.426007765070203,0.624025087717525
"ADAMTS20",7.6170563370355,1.17728656779052,0.722128677376761,1.63030025627452,0.103038053445551,0.261271274746981
"ADAMTS3",37.2406010821636,-1.2817350938465,0.42225262224733,-3.03546982615477,0.00240161252689817,0.0233058990945926
"ADAMTS4",374.639949546598,-0.729604879821387,0.562388667361403,-1.29733211596266,0.19451693863507,0.387845144956957
"ADAMTS5",306.363836713999,0.617771295536345,0.569333125305894,1.08507878441892,NA,NA
"ADAMTS6",94.0557905654943,0.096074112982449,0.477600283597617,0.201160083613753,0.840573402126586,0.914511311333577
"ADAMTS7",87.3449290046213,-0.130782388855939,0.420289842671372,-0.311171899907651,0.755669943957174,0.864101139963721
"ADAMTS7P1",1.72626906241035,1.4450051361264,0.878324231219863,1.64518418684579,0.0999318335219844,0.256453869452914
"ADAMTS8",9.27272521640199,1.05553077547244,0.704698545723309,1.4978472452913,0.134172942649064,0.308301310343342
"ADAMTS9",332.295734957173,-1.77831189728324,0.49165920371364,-3.61696045523231,0.000298082822561386,0.00547524186291798
"ADAMTS9-AS2",15.124932880527,-0.225070189017774,0.632872645624718,-0.355632670449208,0.722115673639244,0.843450152329074
"ADAMTSL1",105.643143434952,0.204715627859111,0.42755106714388,0.478809769384156,0.632073966038384,0.783441669435236
"ADAMTSL2",29.2350865791743,0.805933027314445,0.46404134262124,1.73676988080837,0.0824277974040298,0.227547312352937
"ADAMTSL3",89.17253717594,-0.16640255511316,0.518146397670776,-0.321149690244283,0.748096955648558,0.859696294955113
"ADAMTSL4",84.9970419080535,-0.258966588273369,0.381642279458146,-0.678558436033473,0.497417685974021,0.683373111397632
"ADAMTSL4-AS1",17.2416128799921,-0.606092400478952,0.43871150531188,-1.38152839198525,0.167116554285163,0.35335194560214
"ADAMTSL5",10.6973342056072,-0.193734812511481,0.637710558474616,-0.30379740453865,0.761282244224362,0.867481615297745
"ADAP1",86.8676523595283,0.634396407603001,0.535738923887325,1.18415216687975,0.236352832950341,0.438337105975549
"ADAP2",212.434689105625,0.375273231864445,0.27024024047971,1.38866525280724,0.164934564923657,0.350796419474889
"ADAR",5444.95738540402,-0.170969070604049,0.242972277324108,-0.703656698973884,0.481646592458953,0.669689137440549
"ADARB1",226.209448225513,-0.939700972267124,0.453077740784602,-2.07403914974907,0.0380756750784927,0.139313116780279
"ADARB2",16.4721202236273,1.39642730068094,0.47718415396991,2.92639076353108,0.00342919909837972,0.0295279100183947
"ADARB2-AS1",2.43481453507743,0.595352242815884,0.896965699606832,0.663740255705258,NA,NA
"ADAT1",227.334952712165,-0.724759289849397,0.331218620297981,-2.18815986008688,0.0286579598351816,0.115875943304377
"ADAT2",99.1400160756079,-0.555727502089584,0.46767211595136,-1.18828444787455,0.234721362778657,0.436743870941985
"ADAT3",10.7182818907914,0.237887278480969,0.475860407597894,0.499909794306707,0.617138595478069,0.77343054507333
"ADC",79.7736114712988,0.648685927940841,0.389877236029807,1.66382098772047,0.0961482084941608,0.250736648923839
"ADCK1",29.2450062763874,0.08080918700215,0.380224399712837,0.21253025072347,0.83169338012526,0.909144992755864
"ADCK2",253.93581819322,0.485990277145709,0.313695855041313,1.54924035283063,0.121323952365988,0.289226985422316
"ADCK3",238.00170224308,-0.110648715828859,0.331615301292383,-0.333665893574978,0.738631688965249,0.853866729036644
"ADCK4",178.151570839963,0.301984237204123,0.387411573029485,0.779492039545084,0.435689925031472,0.632201909779328
"ADCK5",64.4784702621202,-0.0672402584657954,0.341454211447226,-0.196923207304438,0.843887632457385,0.91606684572376
"ADCY1",128.604082072558,1.80388068860887,0.537654018971,3.35509570273699,0.00079337532139421,0.0109392640785641
"ADCY10",11.4499873339488,-0.0051149932105428,0.660929391831092,-0.00773909176042514,0.993825159808623,0.996215729183939
"ADCY10P1",73.0190256098029,-1.54913540959216,0.384251188264854,-4.03156960057176,5.5405583129601e-05,0.00177902135815369
"ADCY2",138.873504204859,0.960130558984017,0.684248164664919,1.40319055068887,0.160560024607135,0.34528664551059
"ADCY3",459.535385172901,0.250810642001642,0.368121022358188,0.681326593072423,0.495664859989078,0.681816436453784
"ADCY4",40.2736379714596,0.737640005791169,0.454980731504871,1.62125548339462,0.104962857967935,0.264597035709568
"ADCY5",68.2116974966192,1.59552393187942,0.664571213897551,2.40083214336361,0.016357838126889,0.0808531308504047
"ADCY6",652.156583862196,0.557025172654393,0.297040460798011,1.87525016342192,0.0607583159807695,0.18776331740775
"ADCY7",480.996788194762,-0.533414996436308,0.278836797580687,-1.91300072682105,0.05574795940494,0.177718407113232
"ADCY8",8.87241407187214,2.00974533546993,0.72116746889885,2.7867942220669,0.00532322699657733,0.0393868327885737
"ADCY9",327.884111227733,1.03775398827932,0.507533963727692,2.04469860629093,0.0408845811223252,0.146337397123282
"ADCYAP1",55.1066435747862,0.445959668046129,0.74395175581568,0.599447026719054,0.548874825227971,0.724381977428211
"ADCYAP1R1",45.2544012577022,0.823556161062284,0.600473875353035,1.37151039348397,0.170215905782375,0.356944530354031
"ADD1",1098.88716569634,0.621301649481199,0.233611632601669,2.65954928083816,0.00782452822660867,0.0504958670950296
"ADD2",58.8881964569661,0.563759080419069,0.516424975860297,1.09165727215249,0.274983772450218,0.481446167646109
"ADD3",1087.28846793169,-0.362183651257906,0.371369221418162,-0.975265666537526,0.329428496476299,0.53637979917776
"ADD3-AS1",24.7975691767951,0.246235579740688,0.420944839864819,0.584959254565904,0.558575114266253,0.731323202654926
"ADGB",3.68960389657888,1.92469860106591,0.823056007534938,2.33847828512959,0.0193624508482879,0.0900608166626082
"ADH1A",4.69989436975092,-0.00541021267643273,0.606697785161376,-0.00891747556815897,0.992884978222335,0.995930061377705
"ADH1B",291.763928159814,1.07886911594332,0.856352737115055,1.25984196603131,0.207726377460215,0.404029447106251
"ADH1C",8.79288789654037,-0.606383568731529,0.672422584787742,-0.901789414052684,0.367168744223975,0.569757540775942
"ADH4",5.65221468899646,-0.492313311204478,0.675058957713626,-0.729289354031989,0.4658246830315,0.656362207577179
"ADH5",848.284483115974,0.0963655979168543,0.201901288104142,0.477290654367438,0.633155164929801,0.783985398634597
"ADH6",7.19908660955923,-1.03905045316153,0.742570698507399,-1.39926131646464,0.161734635293175,0.346619175631363
"ADH7",0.50389049167624,0.287171519937252,0.890521035187184,0.322475841210073,0.747092236961074,NA
"ADHFE1",18.9366562249965,-0.17222438394025,0.493928178886006,-0.348683050091778,0.727327270659101,0.846563011974359
"ADI1",452.558057862595,-0.811255019377816,0.295137101594842,-2.74873953492804,0.00598249047669285,0.0426653014105461
"ADIG",1.224915088809,0.372098506254685,0.889850656471615,0.41815837696868,0.675831325673194,NA
"ADIPOQ",267.146968207162,2.26583131007252,0.846047802651507,2.67813627429966,NA,NA
"ADIPOQ-AS1",150.251529874959,2.07460458828604,0.866024340265228,2.39554997686401,NA,NA
"ADIPOR1",1228.95466412178,0.171256357168997,0.238047621996026,0.719420575316042,0.471881823203678,0.661552364213715
"ADIPOR2",808.379948422167,0.187752835331164,0.261445286435284,0.718134328949315,0.472674465119753,0.66202280151993
"ADIRF",148.867426791598,2.08638862842887,0.540597126497783,3.85941494351881,0.0001136588074376,0.00282162713998592
"ADK",342.892831480446,0.319532424932012,0.428513643256057,0.745676199488185,0.455863039934217,0.649078924233188
"ADM",188.010665148879,-0.62962430819986,0.529994874845082,-1.18798188073781,0.234840548341873,0.43681010695766
"ADM2",53.3647395161952,-0.631442309563176,0.427269985174585,-1.47785318761664,0.139447078482133,0.315837282642977
"ADM5",5.15678945965887,0.481826809496288,0.747715254696361,0.644398795490608,0.519316865417624,0.701550914007836
"ADNP",1399.32534045912,-0.900315386646449,0.341114928111688,-2.63933153447822,0.00830696986584512,0.0521286673989074
"ADNP2",257.127512562797,-0.54620894909218,0.296769218605396,-1.84051752961096,0.0656922930882592,0.197634715374767
"ADO",398.789225205156,0.108789952978331,0.224760031890929,0.484027129125537,0.628366615830907,0.780575703970609
"ADORA1",77.3955341006187,1.77338887953023,0.581623545739915,3.04903213172741,0.00229579925237658,0.0227221078467934
"ADORA2A",2.17327065891081,0.244513477522382,0.763726927360806,0.320158251284058,0.748848369456404,0.860000550971702
"ADORA2A-AS1",16.4874499470341,-0.199970265292586,0.520630324516597,-0.384092619803231,0.700909801294114,0.829511874443225
"ADORA2B",23.3639188999449,-1.27040004766829,0.5461659702594,-2.32603295856188,0.0200167924943418,0.0918575221754616
"ADORA3",100.867221198124,0.0951703475821442,0.458977395179532,0.207353016906024,0.835734172222842,0.911571248276668
"ADPGK",431.936966587116,-0.541834850273093,0.184615027963124,-2.93494444223317,0.0033360741418633,0.0290788450840305
"ADPGK-AS1",31.0728901788001,-0.670179569929339,0.451708295627335,-1.48365566100262,0.137900294754922,0.313591151138178
"ADPRH",101.419169571043,-0.126804963962206,0.315351393639971,-0.402106876708388,0.687605372071101,0.821648289403591
"ADPRHL1",24.9391850328189,0.44452217641135,0.455521484228289,0.975853372019163,0.32913713158616,0.535990572673217
"ADPRHL2",187.570507354372,0.885754288987129,0.312629129240728,2.83324299030718,0.00460783447176628,0.0360739939937567
"ADPRM",53.6037580228648,-0.463310575515342,0.223362671027107,-2.07425248536321,0.0380558680906591,0.139289408282096
"ADRA1A",9.19907963790606,0.876005419154587,0.695482056785872,1.25956580850266,0.207826036341383,0.404185675255297
"ADRA1B",4.6710844805714,1.29647514588305,0.783548835977366,1.6546194523611,0.0980017151218807,0.253479584406345
"ADRA1D",1.22233630765622,-0.277490421288958,0.864268131684201,-0.321069829045081,0.748157473780767,NA
"ADRA2A",121.027211926749,0.696782878760844,0.677925876297673,1.02781572900883,0.304036515980429,0.510915105139427
"ADRA2B",8.80791590297023,0.570278266027823,0.70583721585076,0.807945873667847,0.419121741646437,0.617922257415396
"ADRA2C",19.8759959293757,0.117734791743894,0.894436656824865,0.131630105771646,0.895276871748683,0.945436619690953
"ADRB1",4.24635171145571,-0.761516657111707,0.659547556272873,-1.15460462231877,0.248252372949073,0.451943855752871
"ADRB2",40.3292350326938,-0.631211458046881,0.411528750503368,-1.5338210447625,0.125073684207982,0.29524734285708
"ADRB3",2.17199450979467,2.4386787162443,0.859963030854377,2.83579482925151,0.00457118014917102,0.0358811035141276
"ADRBK1",695.480074604974,-0.0140607934478254,0.288229091368467,-0.048783394420969,0.961091915749738,0.980033382843884
"ADRBK2",371.150665194422,0.27982020860327,0.266284716078578,1.05083090281718,0.293336259956678,0.500090354936338
"ADRM1",510.84059859047,-0.139977809622935,0.331201090646221,-0.422636922329628,0.672560183655244,0.811412069660947
"ADSL",300.347810714518,-0.380893599170466,0.26971576467364,-1.41220369388253,0.157889993179976,0.341582956679884
"ADSS",1161.92082886557,-0.518058251422188,0.330229342655057,-1.56878321973747,0.116698459679709,0.281972939854925
"ADSSL1",20.8853786199431,-0.406337232698926,0.527444634460695,-0.770388408850533,0.441069527085361,0.637113974477597
"ADTRP",21.2195935376022,-1.90222018720175,0.489330311890948,-3.8873949579189,0.000101325812561702,0.00262544589063008
"AEBP1",2871.97431745789,0.931853294059545,0.519883517141424,1.79242707901826,0.0730645803589111,0.211621023034823
"AEBP2",260.380830820382,-0.737363755380369,0.372430567725503,-1.9798690528642,0.0477182446336588,0.16096478824473
"AEN",214.552652920177,0.0983518842527107,0.275882161878041,0.356499614122166,0.72146644102103,0.843068706208776
"AES",1995.52573851,1.04113116163796,0.326263304281699,3.19107649550144,0.00141743746208211,0.0163513770805201
"AFAP1",448.248479743521,-0.671045614655838,0.27168673405393,-2.46992410944376,0.0135141718657863,0.0716789481122893
"AFAP1-AS1",148.450394616801,-2.1365796852746,0.538172793901756,-3.97006260718677,7.18537486606326e-05,0.0021110097343887
"AFAP1L1",54.3781680895563,-0.0425675347074989,0.349723608861949,-0.121717646818354,0.903122637014109,0.949596201282994
"AFAP1L2",138.860015005544,-0.0658888291633535,0.412376195547293,-0.159778449568137,0.873055600720207,0.932189876991086
"AFF1",990.383505084585,-0.471111677918663,0.35820487845256,-1.31520173581627,0.188442111946612,0.38069058335943
"AFF2",52.9422460678385,-1.71795951577792,0.687946245861689,-2.49722929096893,0.0125167993500543,0.0682239000819257
"AFF3",1141.56016174672,2.27938949787929,0.813286254003428,2.80269030327135,0.0050678307910993,0.0380369360956369
"AFF4",2162.82701923474,-0.199599184610535,0.216752840064648,-0.920860758045909,0.357123128766199,0.560725964140303
"AFG3L1P",88.8043957701722,-0.725546535255008,0.356221181346255,-2.03678661811455,0.041671429897121,0.148113909052801
"AFG3L2",797.667609529496,-0.110068530151351,0.219827506523384,-0.500704083361118,0.616579398070749,0.773271790516385
"AFM",1.32861145259934,2.08434320371211,0.870552454033718,2.39427640925515,0.0166531934977585,0.0819062832196816
"AFMID",141.905393464842,0.694099965158331,0.411753256950734,1.68571821458932,0.0918500868602947,0.244112188892656
"AFP",3.42837643977605,-0.340734364373083,0.873160807210942,-0.390230942066055,0.696365783269296,0.826301882815514
"AFTPH",884.176064720643,-0.0622698900961552,0.231043860065972,-0.269515450782266,0.787533053958466,0.882765091532272
"AGA",234.323366538497,-0.141378382533799,0.329206654392987,-0.429451776406166,0.667594480933809,0.808454170381751
"AGAP1",400.650856617858,-0.16381434190364,0.22437632786663,-0.730087453793306,0.465336729755503,0.656017354821371
"AGAP11",29.2508964682888,1.13447532388305,0.449829483535276,2.5220119298696,0.0116685750863493,0.0653559016693351
"AGAP2",105.093985593721,0.118437482566697,0.379774819976924,0.311862388806857,0.755145107313081,0.863784512321623
"AGAP2-AS1",68.8546042896601,1.15393617144541,0.416311807534326,2.7718074543208,0.00557460000940391,0.0405448378554523
"AGAP3",398.598635158573,0.464880883555484,0.302205399896048,1.53829443059387,0.123976640885027,0.293785707337005
"AGAP4",8.96003930218111,-0.539283058855613,0.473193612324985,-1.13966681884378,0.254425135948608,0.458627191391751
"AGAP5",25.1922649507707,0.424437654354242,0.401708601608472,1.05658094612553,0.290702880203774,0.497558968186122
"AGAP6",36.6846283810312,-0.398662860103338,0.368667272011496,-1.08136222108402,0.27953601978476,0.486608826242777
"AGAP7",3.58303655088242,-1.09186874728284,0.737727259265262,-1.48004392350946,0.138861525153989,0.315045129287137
"AGAP9",2.04665420598266,-1.19546379085784,0.757137903152362,-1.57892477167039,0.114353313318434,0.278528001432676
"AGBL1",4.06567768464804,1.63563041857261,0.80608810716172,2.02909632835516,0.0424484798146833,0.149704837787468
"AGBL1-AS1",0.576292426170715,-0.796224285105239,0.886283312858281,-0.89838573462181,0.368979939076523,NA
"AGBL2",14.9282487532268,2.54789067339611,0.562658627844109,4.5283064140661,5.94583187484841e-06,0.000354090380854576
"AGBL3",21.8861828390343,-0.861902173435626,0.499115704168218,-1.72685845433775,0.0841930873554631,0.230653749015891
"AGBL4",13.0548097884444,1.21325058823997,0.519047854501789,2.33745420141369,0.0194155796571678,0.0901496556925854
"AGBL4-IT1",1.40326261501361,-0.408401022068462,0.865206147442471,-0.472027415981366,0.636907219792876,0.786882889965748
"AGBL5",469.277066674425,0.649354571212762,0.309224598874069,2.09994474429639,0.0357337020967375,0.133764608690563
"AGBL5-AS1",0.366426668666911,0.175399633428375,0.82837422068525,0.211739608800574,0.832310185283061,NA
"AGER",0.739805814516305,0.822740124183667,0.905141491877955,0.908962998123836,0.363369657797788,NA
"AGFG1",1118.92000265188,-0.804542646248801,0.199215258746746,-4.03855935187967,5.37804863857318e-05,0.00174393438765796
"AGFG2",134.435699424841,0.123502772617385,0.321574006716512,0.384057075627573,0.700936144969176,0.829511874443225
"AGGF1",490.999144446537,0.191014909082634,0.2155971550832,0.885980656882605,0.375627950632051,0.577504490442907
"AGK",295.452067637822,-0.893652347649412,0.25508645575269,-3.50333123337533,0.000459477712857139,0.00744531986965331
"AGL",1184.6352934481,1.75031753393399,0.532750729904813,3.28543432356577,0.00101825277897614,0.0129676909922745
"AGMAT",30.1954304476762,0.0117883190028814,0.409443396742038,0.0287910834481193,0.9770312123112,0.987692525568498
"AGMO",4.4299496929331,0.605174318030245,0.657539779914837,0.920361530231109,0.35738386485472,0.560924682914718
"AGO1",724.924132461625,-0.112509812187696,0.234722181067867,-0.479331828273893,0.631702582761536,0.783044481258637
"AGO2",545.806340377443,-1.13069192000992,0.387123958291041,-2.92074901538351,0.00349191013526953,0.0298828787721708
"AGO3",276.040783316161,-0.119195095637081,0.237571050431537,-0.50172399128837,0.615861685984821,0.773054404671
"AGO4",362.540172914086,0.00429490362336211,0.292894398665939,0.0146636591308141,0.988300512052453,0.993809276698667
"AGPAT1",11.0960279502903,-0.101752720069839,0.778301809332266,-0.130736841222477,0.895983487373598,0.945609554507236
"AGPAT2",171.000493860578,0.424605008910155,0.386667880999176,1.09811295371352,0.272155169613393,0.478242558353208
"AGPAT3",613.855722062678,-0.0794578612238992,0.276280381549227,-0.287598637218986,0.773653988168751,0.875480710830466
"AGPAT4",134.436582459811,-0.253203928668183,0.427476311197728,-0.59232271364638,0.553634508872764,0.727471846804589
"AGPAT4-IT1",8.55730222970172,-0.275407590666077,0.726800586061808,-0.378931437243855,0.704738778488491,0.831711205318572
"AGPAT5",433.458534076318,0.541642824966113,0.297788778587626,1.81888259032142,0.0689293444681886,0.203881433057669
"AGPAT6",858.521370419449,1.10285996031583,0.357607714516293,3.08399376061442,0.00204241878852511,0.0210205218791434
"AGPAT9",56.8940831668065,-0.71700088094416,0.487038934741714,-1.47216337298454,0.140976765558898,0.317821109844439
"AGPS",660.342289760744,0.389185419333939,0.300947463885095,1.2932005284568,0.195941712947242,0.38959267200042
"AGR2",1522.26801380573,1.1006351856843,0.89515497951981,1.22954707382036,0.218866759743791,0.417881976518493
"AGR3",246.413781215112,2.82288607513876,0.899455631970669,3.13843837850449,0.0016985064381878,0.0184627561505146
"AGRN",1264.98679291124,0.0724596737157708,0.388281311826194,0.186616433778317,0.851961380814368,0.921356418735601
"AGRP",2.08062975338934,0.13087827080418,0.856030212741631,0.152889779888741,0.878485195620671,0.935407062506183
"AGT",88.2764214280084,-0.554975517043773,0.709860442616729,-0.78180933001139,0.434326637050781,0.631519873001702
"AGTPBP1",339.704295216099,-0.629030625781998,0.260468980793043,-2.41499246423434,0.0157355352409348,0.0788398593339549
"AGTR1",100.871219377938,3.29394378631071,0.726940582653863,4.53124211924641,5.8637886327154e-06,0.000351205655557736
"AGTR2",1.40761920619927,0.564824743853681,0.879415222978205,0.642273102733951,0.520695875234574,0.702740812714598
"AGTRAP",181.855576586659,0.535857098274525,0.273164794601764,1.96166236961732,0.0498018056815856,0.165055833861136
"AGXT",1.9064815324856,1.77988317953464,0.877034036676335,2.02943455453542,0.0424140485712901,0.149643936504464
"AGXT2",4.32237144506008,1.87825123413342,0.806565247950859,2.32870339864662,0.0198747839533154,0.091409958306202
"AHCTF1",1151.28779255762,-1.03216469928277,0.34660013741937,-2.97796967701113,0.00290164690168423,0.0262686949851542
"AHCTF1P1",10.9809827219723,-0.430164858172574,0.568124250753332,-0.757166865526645,0.448949898544973,0.643213157803542
"AHCY",1228.1394048299,-0.178505758111991,0.322237503222421,-0.553957116496087,0.579608194478667,0.747043414057687
"AHCYL1",1386.8512631213,0.555826268671664,0.258476607942769,2.15039292373697,0.0315241476071092,0.1233294511382
"AHCYL2",371.246030451222,0.441178938440687,0.331963048836676,1.32900014018652,0.183847923627311,0.374641856420422
"AHDC1",98.3910577421404,-0.0130031257725787,0.34685128171385,-0.0374890521041988,0.970095069167257,0.984602924535235
"AHI1",333.572810006482,-0.192972072198808,0.251419568443052,-0.767530043082216,0.442766437873372,0.63850616425437
"AHNAK",26079.5673389175,0.578436115278592,0.31126626956377,1.85833214787215,0.0631218612742792,0.192337648136481
"AHNAK2",859.03066503112,0.553820668075404,0.53023013361665,1.04449112368972,0.296258223805982,0.50302052247717
"AHR",923.076459535605,-0.688840904202583,0.374467399684979,-1.83952169075885,0.0658384905393008,0.197960582241514
"AHRR",35.959281395481,-0.275667238830969,0.515213975415288,-0.535053884376423,0.592612597212357,0.75631433186273
"AHSA1",555.133145080862,0.230492659439794,0.269554174820761,0.855088442214108,0.392502187548849,0.592783080397334
"AHSA2",282.64122733934,0.447819168777238,0.269278097913433,1.66303599233385,0.0963052310343069,0.251006015500015
"AHSG",3.07573477913894,2.35117514699221,0.843710037285401,2.78670993953919,0.00532461156661563,0.0393868327885737
"AHSP",0.823391201835364,-0.0119306501227148,0.9042325202902,-0.0131942280939927,0.989472834554569,NA
"AICDA",6.4510195655065,-0.821218620626959,0.836910968988658,-0.981249680141411,NA,NA
"AIDA",452.727852616844,0.171954855509403,0.243178355050838,0.70711414868093,0.479495544088552,0.667792348463122
"AIF1",0.58709959064696,1.35992649314801,0.865305515901941,1.57161426589371,0.116040035956945,NA
"AIF1L",560.969819792448,-1.54801926465428,0.54004816370118,-2.86644667772786,0.00415108082562642,0.033566747581458
"AIFM1",509.923647090079,0.270494275840285,0.298189237376894,0.907122866739807,0.364341827025069,0.566907638105183
"AIFM2",173.243156077897,1.50962327798316,0.336691286631448,4.4837016517022,7.33592119932978e-06,0.000415563037478565
"AIFM3",19.4757444180991,1.64678145175097,0.535972951622308,3.07250850395792,0.00212267785041977,0.0215494585271124
"AIG1",294.922963364743,1.79271368972823,0.403166530124911,4.44658362184184,8.72467137829366e-06,0.000464050396489752
"AIM1",971.891108767418,-1.13532944900717,0.348564268552182,-3.25715958701948,0.00112533145700117,0.0138941544274634
"AIM1L",33.3175022252032,-1.09712633327207,0.63590186240488,-1.72530762706515,0.0844720481654069,0.231175598690953
"AIM2",43.9142317231181,-2.32661979517013,0.609358644035584,-3.81814522193643,0.000134458772249313,0.00317940239403551
"AIMP1",499.834732932551,0.0188613291112364,0.229803482400899,0.0820759063969807,0.934586352378964,0.966582272375603
"AIMP2",226.404076495743,-0.333514890433142,0.302902752714164,-1.10106259333954,0.270869415905471,0.476758454081514
"AIP",237.810508241822,0.487944527607913,0.296920125964033,1.64335282434515,0.100309954779348,0.257021204308985
"AIPL1",3.79995614833123,1.2587593673475,0.778984366006697,1.61589811333477,0.106116343611455,0.266156699125299
"AIRE",1.73478667591682,1.85036729264029,0.854296610081582,2.1659541555053,0.0303146903438572,0.120282799982737
"AIRN",6.02124753212098,-1.47863504415317,0.511284626642227,-2.8919998120496,0.00382798175927209,0.0318308954138755
"AJAP1",10.1811926545166,2.06945329906322,0.760824506032888,2.7200139883162,0.00652791547539517,0.0450814690959361
"AJUBA",211.847340862335,0.591306562327587,0.42658293535697,1.38614678018654,0.1657020883933,0.351677404171505
